----------##########----------##########----------

USE [BookAndLearn.SQL]
GO

----------##########----------##########----------

SET IDENTITY_INSERT [dbo].[LessonType] ON

INSERT INTO [dbo].[LessonType] ([Id], [Type]) VALUES
	(1, N'Лекція'),
	(2, N'Практична'),
	(3, N'Лабораторна')

SET IDENTITY_INSERT [dbo].[LessonType] OFF
GO

----------##########----------##########----------

SET IDENTITY_INSERT [dbo].[Status] ON

INSERT INTO [dbo].[Status] ([Id], [StatusName]) VALUES
	(1, N'Активний'),
	(2, N'Не активний')

SET IDENTITY_INSERT [dbo].[Status] OFF
GO

----------##########----------##########----------

SET IDENTITY_INSERT [dbo].[Group] ON

INSERT INTO [dbo].[Group] ([Id], [Name]) VALUES
	(1, N'ФеІ-41/1'),
	(2, N'ФеІ-41/2'),

	(3, N'ФеІ-42/1'),
	(4, N'ФеІ-42/2'),

	(5, N'ФеІ-43/1'),
	(6, N'ФеІ-43/2'),

	(7, N'ФеІ-44/1'),
	(8, N'ФеІ-44/2')

SET IDENTITY_INSERT [dbo].[Group] OFF
GO

----------##########----------##########----------

SET IDENTITY_INSERT [dbo].[WeekFrequency] ON

INSERT INTO [dbo].[WeekFrequency] ([Id], [Name]) VALUES
	(1, N'Чисельник'),
	(2, N'Знаменник'),
	(3, N'Щотижня')

SET IDENTITY_INSERT [dbo].[WeekFrequency] OFF
GO

----------##########----------##########----------

SET IDENTITY_INSERT [dbo].[Address] ON

INSERT INTO [dbo].[Address] ([Id], [Address]) VALUES
	(1, N'Драгоманова, 50'),
	(2, N'Тарнавського, 107')

SET IDENTITY_INSERT [dbo].[Address] OFF
GO

----------##########----------##########----------

SET IDENTITY_INSERT [dbo].[Location] ON

INSERT INTO [dbo].[Location] ([Id], [Floor], [AddressId]) VALUES
	-- Драгоманова
	(1, 1, 1),
	(2, 2, 1),
	(3, 3, 1),
	(4, 4, 1),

	-- Тарнавського
	(5, 1, 2),
	(6, 2, 2),
	(7, 3, 2),
	(8, 4, 2)

SET IDENTITY_INSERT [dbo].[Location] OFF
GO

----------##########----------##########----------

SET IDENTITY_INSERT [dbo].[Room] ON

INSERT INTO [dbo].[Room] ([Id], [Name], [Capacity], [LocationId]) VALUES 
	-- Драгоманова
	(1, N'1 аудиторія', 120, 2),
	(2, N'2 аудиторія', 90, 2),
	(3, N'4 аудиторія', 20, 4),
	(4, N'305 обчислювальна лабораторія', 14, 3),
	(5, N'5 обчислювальна лабораторія (кластер)', 14, 1),
	(6, N'101 лабораторія', 14, 1),

	-- Тарнавського
	(7, N'1 обчислювальна лабораторія', 14, 7),
	(8, N'3 обчислювальна лабораторія', 14, 5),
	(9, N'4 обчислювальна лабораторія', 12, 5),
	(10, N'7 обчислювальна лабораторія', 12, 6),
	(11, N'122 аудиторія', 50, 5),
	(12, N'123 аудиторія', 50, 5),
	(13, N'129 аудиторія', 50, 5),
	(14, N'213 аудиторія', 30, 6)

SET IDENTITY_INSERT [dbo].[Room] OFF

----------##########----------##########----------

SET IDENTITY_INSERT [dbo].[Subject] ON

INSERT INTO [dbo].[Subject] ([Id], [Name]) VALUES
	(1, N'Управління ІТ-проектами'),
	(2, N'Технології розподілених систем'),
	(3, N'Філософія'),
	(4, N'Мікропроцесорна техніка'),
	(5, N'Теорія прийняття рішень'),
	(6, N'Підприємництво та інновації в ІТ'),
	(7, N'Екологія'),
	(8, N'Системний аналіз'),
	(9, N'Проектування інформаційних систем'),
	(10, N'Експертні системи'),
	(11, N'Системи біометричної ідентифікації')

SET IDENTITY_INSERT [dbo].[Subject] OFF
GO

----------##########----------##########----------

SET IDENTITY_INSERT [dbo].[Lecturer] ON

INSERT INTO [dbo].[Lecturer] ([Id], [Name]) VALUES
	(1, N'доц. Ненчук Т.М.'),
	(2, N'ас. Габрієль І.'),
	(3, N'доц. Лосик О.М.'),
	(4, N'доц. Благітко Б.Я.'),
	(5, N'доц. Соколовський'),
	(6, N'доц. Катеринчук І.М.'),
	(7, N'доц. Шувар Р.Я.'),
	(8, N'ас. Ланюк Є.Ю.'),
	(9, N'доц. Катерняк І.Б.'),
	(10, N'доц. Оленич І.Б.'),
	(11, N'ас. Карпа І.В.'),
	(12, N'проф. Юзевич'),
	(13, N'ас. Боднар Б.В.'),
	(14, N'доц. Стахіра Р.Й.'),
	(15, N'доц. Грабовський В.А.'),
	(16, N'ас. Футей О.В.')

SET IDENTITY_INSERT [dbo].[Lecturer] OFF
GO

----------##########----------##########----------

SET IDENTITY_INSERT [dbo].[LessonSchedule] ON

INSERT INTO [dbo].[LessonSchedule] ([Id], [Name], [StartTime], [EndTime]) VALUES
	(1, N'1 пара', '08:30', '09:50'),
	(2, N'2 пара', '10:10', '11:30'),
	(3, N'3 пара', '11:50', '13:10'),
	(4, N'4 пара', '13:30', '14:50'),
	(5, N'5 пара', '15:05', '16:25'),
	(6, N'6 пара', '16:40', '18:00'),
	(7, N'7 пара', '18:10', '19:30'),
	(8, N'8 пара', '19:40', '21:00')

SET IDENTITY_INSERT [dbo].[LessonSchedule] OFF
GO

----------##########----------##########----------

SET IDENTITY_INSERT [dbo].[SubjectLecturer] ON

INSERT INTO [dbo].[SubjectLecturer] ([Id], [SubjectId], [LecturerId], [StatusId]) VALUES
	(1, 1, 1, 1), -- управління іт проектами - ненчук

	(2, 2, 7, 1), -- технології розподілених систем - шувар
	(3, 2, 2, 1), -- технології розподілених систем - габрієль
	(4, 2, 14, 1), -- технології розподілених систем - стахіра

	(5, 3, 3, 1), -- філософія - лосик
	(6, 3, 8, 1), -- філософія - ланюк
	(7, 3, 13, 1), -- філософія - боднар

	(8, 4, 4, 1), -- мікропроцесорна техніка - благітко

	(9, 5, 6, 1), -- теорія прийняття рішень - катеринчук
	(10, 5, 11, 1), -- теорія прийняття рішень - карпа

	(11, 6, 9, 1), -- підприємництво та інновації в іт - катерняк

	(12, 7, 1, 1), -- екологія - хз

	(13, 8, 10, 1), -- системний аналіз - оленич
	(14, 8, 5, 1), -- системний аналіз - соколовський

	(16, 9, 12, 1), -- проектування інформаційних систем - юзевич

	(17, 10, 15, 1), -- експертні системи - грабовський

	(18, 11, 16, 1) -- системи біометричної ідентифікації - футей

SET IDENTITY_INSERT [dbo].[SubjectLecturer] OFF
GO

----------##########----------##########----------

SET IDENTITY_INSERT [dbo].[SubjectDay] ON

INSERT INTO [dbo].[SubjectDay] ([Id], [DayOfWeek], [WeekFrequencyId], [SubjectId]) VALUES

-------------------------

	-- ПОНЕДІЛОК

	-- ФЕІ-41
	-- 1 підгрупа
	(1, 1, 3, 1),
	(2, 1, 3, 2),
	(3, 1, 3, 4),
	-- 2 підгрупа
	(4, 1, 3, 2),
	(5, 1, 3, 1),
	(6, 1, 3, 8),

	-- ФЕІ-42
	-- 1 підгрупа
	(7, 1, 3, 9),
	(8, 1, 2, 9),
	-- 2 підгрупа
	(9, 1, 3, 5),
	-- дві підгрупи
	(10, 1, 3, 9),

	-- ФЕІ-43
	-- 1 підгрупа
	(11, 1, 3, 5),
	(12, 1, 3, 10),
	(13, 1, 1, 10),
	-- 2 підгрупа
	(14, 1, 3, 1),
	(15, 1, 3, 2),
	(16, 1, 2, 10),

	-- ФЕІ-44
	-- 1 підгрупа
	(17, 1, 3, 2),
	(18, 1, 3, 1),
	-- 2 підгрупа
	(19, 1, 3, 8),

	-- ВЕСЬ ПОТІК
	(20, 1, 3, 3)

	-- TODO: Implement missing schedule

-------------------------

	-- ВІВТОРОК

-------------------------

	-- СЕРЕДА

-------------------------

	-- ЧЕТВЕР

-------------------------

	-- П'ЯТНИЦЯ

-------------------------

SET IDENTITY_INSERT [dbo].[SubjectDay] OFF
GO

----------##########----------##########----------

SET IDENTITY_INSERT [dbo].[Lesson] ON

INSERT INTO [dbo].[Lesson] ([Id], [RoomId], [SubjectId], [LecturerId], [LessonTypeId], [SubjectDayId], [LessonScheduleId]) VALUES

-------------------------

	-- ПОНЕДІЛОК

	-- ФЕІ-41
	-- 1 підгрупа
	(1, 4, 1, 1, 3, 1, 1),
	(2, 5, 2, 2, 3, 2, 2),
	(3, 7, 4, 4, 3, 3, 4),
	-- 2 підгрупа
	(4, 5, 2, 2, 3, 4, 4),
	(5, 4, 1, 1, 3, 5, 5),
	(6, 9, 8, 5, 3, 6, 6)

-- TODO: Implement missing lessons

-------------------------

	-- ВІВТОРОК

-------------------------

	-- СЕРЕДА

-------------------------

	-- ЧЕТВЕР

-------------------------

	-- П'ЯТНИЦЯ

-------------------------

SET IDENTITY_INSERT [dbo].[Lesson] OFF

----------##########----------##########----------

SET IDENTITY_INSERT [dbo].[LessonGroups] ON

INSERT INTO [dbo].[LessonGroups] ([Id], [LessonId], [GroupId]) VALUES

-------------------------

	-- ПОНЕДІЛОК

	-- ФЕІ-41
	(1, 1, 1),
	(2, 2, 1),
	(3, 3, 1),
	(4, 4, 2),
	(5, 5, 2),
	(6, 6, 2)

	-- TODO: Implement

-------------------------

	-- ВІВТОРОК

-------------------------

	-- СЕРЕДА

-------------------------

	-- ЧЕТВЕР

-------------------------

	-- П'ЯТНИЦЯ

-------------------------

SET IDENTITY_INSERT [dbo].[LessonGroups] OFF

----------##########----------##########----------

SET IDENTITY_INSERT [dbo].[Student] ON

INSERT INTO [dbo].[Student] ([Id], [LastName], [FirstName], [GroupId]) VALUES

	-- ФЕІ-41
	(1, N'Балюк', N'Ірина', 1),
	(2, N'Берізка', N'Ігор', 1),
	(3, N'Василишин', N'Ірина', 1),
	(4, N'Венгрин', N'Петро', 1),
	(5, N'Вертепний', N'Дмитро', 1),
	(6, N'Волянчук', N'Олег', 1),
	(7, N'Гура', N'Володимир', 1),
	(8, N'Дуцяк', N'Олег', 1),
	(9, N'Желєзняк', N'Вікторія', 1),
	(10, N'Коцур', N'Юрій', 1),
	(11, N'Кривий', N'Богдан', 1),
	(12, N'Ляниця', N'Василь', 1),
	(13, N'Мисюк', N'Роман', 1),
	(14, N'Момот', N'Володимир', 1),
	(15, N'Панів', N'Юрій', 1),
	(16, N'Рубцов', N'Роман', 1),
	(17, N'Сасовець', N'Ігор', 1),
	(18, N'Фтомин', N'Назарій', 1),
	(19, N'Філіпчук', N'Остап', 1),

	-- ФЕІ-42
	(20, N'Андреєва', N'Софія', 2),
	(21, N'Антоняк', N'Степан', 2),
	(22, N'Вовк', N'Олег', 2),
	(23, N'Волошенко', N'Ігор', 2),
	(24, N'Галай', N'Олексій', 2),
	(25, N'Гаращак', N'Назарій', 2),
	(26, N'Гнатко', N'Олег', 2),
	(27, N'Данилюк', N'Микола', 2),
	(28, N'Дорош', N'Володимир', 2),
	(29, N'Купранець', N'Богдан', 2),
	(30, N'Лазурко', N'Ярина', 2),
	(31, N'Леган', N'Тарас', 2),
	(32, N'Оршуляк', N'Владислав', 2),
	(33, N'Пашковський', N'Андрій', 2),
	(34, N'Романів', N'Володимир', 2),
	(35, N'Самчук', N'Катерина', 2),
	(36, N'Стецик', N'Ігор', 2),
	(37, N'Стецюк', N'Любов', 2),
	(38, N'Товпінець', N'Ігор', 2),
	(39, N'Устянич', N'Віталій', 2),
	(40, N'Хомічак', N'Богдан', 2),

	-- ФЕІ-43
	(41, N'Боберський', N'Олег', 3),
	(42, N'Білоус', N'Назар', 3),
	(43, N'Венгров', N'Василь', 3),
	(44, N'Гук', N'Роман', 3),
	(45, N'Гук', N'Святослав', 3),
	(46, N'Довгалюк', N'Степан', 3),
	(47, N'Жигайло', N'Василь', 3),
	(48, N'Захаров', N'Павло', 3),
	(49, N'Кирилів', N'Петро', 3),
	(50, N'Кривоніжка', N'Андрій', 3),
	(51, N'Кушик', N'Орест', 3),
	(52, N'Лазірко', N'Роман', 3),
	(53, N'Луцев', N'Владислав', 3),
	(54, N'Набитович', N'Святослав', 3),
	(55, N'Пилипович', N'Марта', 3),
	(56, N'Рудик', N'Роман', 3),
	(57, N'Солук', N'Олег', 3),
	(58, N'Степанюк', N'Юрій', 3),
	(59, N'Танчак', N'Ростислав', 3),
	(60, N'Тарацінський', N'Орест', 3),
	(61, N'Шандаровський', N'Ігор', 3),

	-- ФЕІ-44
	(62, N'Батючок', N'Віктор', 4),
	(63, N'Вегера', N'Северин', 4),
	(64, N'Веренька', N'Олександр', 4),
	(65, N'Винник', N'Назарій', 4),
	(66, N'Гринь', N'Вадим', 4),
	(67, N'Гутак', N'Юрій', 4),
	(68, N'Дорош', N'Богдан', 4),
	(69, N'Кропивка', N'Тарас', 4),
	(70, N'Куземко', N'Юрій', 4),
	(71, N'Логвін', N'Софія', 4),
	(72, N'Луй', N'Олександр', 4),
	(73, N'Прийма', N'Ярослав', 4),
	(74, N'Пронь', N'Павло', 4),
	(75, N'Сливінський', N'Роман', 4),
	(76, N'Смульський', N'Володимир', 4),
	(77, N'Стадник', N'Юрій', 4),
	(78, N'Філюк', N'Дмитро', 4),
	(79, N'Хащевський', N'Володимир', 4),
	(80, N'Шевель', N'Максим', 4),
	(81, N'Юзьків', N'Артур', 4)

SET IDENTITY_INSERT [dbo].[Student] OFF

----------##########----------##########----------
